{"records": [
    {
        "jsonSchemaLocation": "/BMIservice.module/Service Descriptors/bmiservice.module.Process-BMIservice.json",
        "conversionType": "linked",
        "xsdSchemaTargetNamespace": "http://tns.tibco.com/bw/json/1553492987412"
    },
    {
        "jsonSchemaLocation": "/BMIservice.module/Service Descriptors/bmiservice.module.Process-BMIservice.json",
        "conversionType": "linked",
        "xsdSchemaTargetNamespace": "http://xmlns.example.com/BMIservice/parameters"
    },
    {
        "jsonSchemaLocation": "/BMIservice.module/Service Descriptors/bmiservice.module.Process-BMIservice.json",
        "conversionType": "linked",
        "xsdSchemaTargetNamespace": "http://tns.tibco.com/bw/json/1554344389792"
    }
]}