{
    "records": [{
        "name": "Cloud",
        "items": [],
        "url": "https://integration.cloud.tibco.com:443"
    }],
    "resources": [
        {
            "location": "Service Descriptors/notifications.module.ReceivePaymentStatus-notifications.json",
            "type": "generated"
        },
        {
            "location": "Service Descriptors/notifications.module.ReceivePaymentStatus-notify.json",
            "type": "generated"
        },
        {
            "location": "Service Descriptors/notifications.module.ReceivePaymentStatus-noti.json",
            "type": "generated"
        }
    ]
}