{"records": [
    {
        "jsonSchemaLocation": "/Notifications.module/Service Descriptors/customers.module.Process-Customers.json",
        "conversionType": "generated",
        "xsdSchemaTargetNamespace": "/T1554370143078Converted/JsonSchema"
    },
    {
        "jsonSchemaLocation": "/Notifications.module/Service Descriptors/notifications.module.ReceivePaymentStatus-notifications.json",
        "conversionType": "linked",
        "xsdSchemaTargetNamespace": "http://xmlns.example.com/Customer/parameters"
    },
    {
        "jsonSchemaLocation": "/Notifications.module/Service Descriptors/notifications.module.ReceivePaymentStatus-notify.json",
        "conversionType": "linked",
        "xsdSchemaTargetNamespace": "http://xmlns.example.com/Customer/parameters"
    },
    {
        "jsonSchemaLocation": "/Notifications.module/Service Descriptors/notifications.module.ReceivePaymentStatus-noti.json",
        "conversionType": "linked",
        "xsdSchemaTargetNamespace": "http://xmlns.example.com/Customer/parameters"
    }
]}