{
  "swagger" : "2.0",
  "info" : {
    "version" : "1.0",
    "title" : "Provides meal recommendations",
    "description" : "Provides meal recommendations"
  },
  "host" : "localhost:8080",
  "basePath" : "/",
  "schemes" : [ "http" ],
  "paths" : {
    "/nutritionist" : {
      "post" : {
        "summary" : "",
        "description" : "",
        "operationId" : "post-nutritionist",
        "consumes" : [ "application/json" ],
        "produces" : [ "application/json" ],
        "parameters" : [ {
          "name" : "body",
          "in" : "body",
          "description" : "",
          "schema" : {
            "$ref" : "#/definitions/nutritionElement"
          },
          "required" : true
        } ],
        "responses" : {
          "200" : {
            "description" : "a nutritionElement to be returned",
            "schema" : {
              "$ref" : "#/definitions/nutritionElement"
            }
          }
        }
      }
    }
  },
  "definitions" : {
    "nutritionElement" : {
      "type" : "object",
      "properties" : {
        "meals" : {
          "type" : "array",
          "items" : {
            "$ref" : "#/definitions/meals",
            "uniqueItems" : false
          }
        },
        "nutrients" : {
          "$ref" : "#/definitions/nutrients"
        }
      }
    },
    "meals" : {
      "type" : "object",
      "properties" : {
        "id" : {
          "type" : "integer"
        },
        "title" : {
          "type" : "string"
        },
        "readyInMinutes" : {
          "type" : "integer"
        },
        "servings" : {
          "type" : "integer"
        },
        "image" : {
          "type" : "string"
        },
        "imageUrls" : {
          "type" : "array",
          "items" : {
            "type" : "string",
            "uniqueItems" : false
          }
        }
      }
    },
    "nutrients" : {
      "type" : "object",
      "properties" : {
        "calories" : {
          "type" : "number"
        },
        "protein" : {
          "type" : "number"
        },
        "fat" : {
          "type" : "number"
        },
        "carbohydrates" : {
          "type" : "number"
        }
      }
    }
  }
}