{
  "swagger" : "2.0",
  "info" : {
    "version" : "1.0",
    "title" : "Summary about the new REST service.",
    "description" : "Summary about the new REST service."
  },
  "host" : "localhost:8087",
  "basePath" : "/",
  "schemes" : [ "http" ],
  "paths" : {
    "/exercise" : {
      "post" : {
        "summary" : "",
        "description" : "",
        "operationId" : "post-exercise",
        "consumes" : [ "application/json" ],
        "produces" : [ "application/json" ],
        "parameters" : [ {
          "name" : "body",
          "in" : "body",
          "description" : "",
          "schema" : {
            "$ref" : "#/definitions/caloriesElement"
          },
          "required" : true
        } ],
        "responses" : {
          "200" : {
            "description" : "a caloriesElement to be returned",
            "schema" : {
              "$ref" : "#/definitions/caloriesElement"
            }
          }
        }
      }
    }
  },
  "definitions" : {
    "caloriesElement" : {
      "type" : "object",
      "properties" : {
        "calories" : {
          "type" : "integer"
        },
        "type" : {
          "type" : "string"
        },
        "CID" : {
          "type" : "integer"
        }
      }
    }
  }
}