{
  "swagger" : "2.0",
  "info" : {
    "version" : "1.0",
    "title" : "GETs BMI Value",
    "description" : "GETs BMI Value"
  },
  "host" : "localhost:8085",
  "basePath" : "/",
  "schemes" : [ "http" ],
  "paths" : {
    "/bmiservice1/{recordid}&{customerid}" : {
      "get" : {
        "summary" : "",
        "description" : "",
        "operationId" : "get-bmiservice1",
        "consumes" : [ "application/json" ],
        "produces" : [ "application/json" ],
        "parameters" : [ {
          "name" : "recordid",
          "in" : "path",
          "description" : "",
          "type" : "string",
          "required" : true
        }, {
          "name" : "customerid",
          "in" : "path",
          "description" : "",
          "type" : "string",
          "required" : true
        } ],
        "responses" : {
          "200" : {
            "description" : "a databaseElement to be returned",
            "schema" : {
              "$ref" : "#/definitions/databaseElement"
            }
          }
        }
      }
    },
    "/BMI/{weight}&{height}" : {
      "get" : {
        "summary" : "",
        "description" : "",
        "operationId" : "get-bmiweightheight",
        "consumes" : [ "application/json" ],
        "produces" : [ "application/json" ],
        "parameters" : [ {
          "name" : "weight",
          "in" : "path",
          "description" : "",
          "type" : "string",
          "required" : true
        }, {
          "name" : "height",
          "in" : "path",
          "description" : "",
          "type" : "string",
          "required" : true
        } ],
        "responses" : {
          "200" : {
            "description" : "a bmiElement to be returned",
            "schema" : {
              "$ref" : "#/definitions/bmiElement"
            }
          }
        }
      }
    }
  },
  "definitions" : {
    "ideal_weight" : {
      "type" : "object",
      "properties" : {
        "woman" : {
          "type" : "integer"
        },
        "man" : {
          "type" : "integer"
        }
      }
    },
    "bmiElement" : {
      "type" : "object",
      "properties" : {
        "status" : {
          "type" : "string"
        },
        "result" : {
          "type" : "number"
        },
        "ideal_weight" : {
          "$ref" : "#/definitions/ideal_weight"
        }
      }
    },
    "databaseElement" : {
      "type" : "object",
      "properties" : {
        "recordid" : {
          "type" : "integer"
        },
        "customerid" : {
          "type" : "integer"
        },
        "bmi" : {
          "type" : "number"
        }
      }
    }
  }
}