{"records": [
    {
        "jsonSchemaLocation": "/Nutritionist.module/Service Descriptors/nutritionist.module.Process-Nutritionist.json",
        "conversionType": "linked",
        "xsdSchemaTargetNamespace": "http://tns.tibco.com/bw/json/1553678930234"
    },
    {
        "jsonSchemaLocation": "/Nutritionist.module/Service Descriptors/nutritionist.module.Process-Nutrition.json",
        "conversionType": "linked",
        "xsdSchemaTargetNamespace": "http://tns.tibco.com/bw/json/1553678930234"
    },
    {
        "jsonSchemaLocation": "/Nutritionist.module/Service Descriptors/nutritionist.module.Process-Nutrition.json",
        "conversionType": "linked",
        "xsdSchemaTargetNamespace": "http://tns.tibco.com/bw/json/1554402920276"
    },
    {
        "jsonSchemaLocation": "/Nutritionist.module/Service Descriptors/calories.Process-calories.json",
        "conversionType": "generated",
        "xsdSchemaTargetNamespace": "/T1554405555789Converted/JsonSchema"
    }
]}