{
  "swagger" : "2.0",
  "info" : {
    "version" : "1.0",
    "title" : "Summary about the new REST service.",
    "description" : "Summary about the new REST service."
  },
  "host" : "localhost:8084",
  "basePath" : "/",
  "schemes" : [ "http" ],
  "paths" : {
    "/notify/{customer_id}" : {
      "get" : {
        "summary" : "",
        "description" : "",
        "operationId" : "get-notify",
        "consumes" : [ "application/json" ],
        "produces" : [ "application/json" ],
        "parameters" : [ {
          "name" : "customer_id",
          "in" : "path",
          "description" : "",
          "type" : "string",
          "required" : true
        } ],
        "responses" : {
          "200" : {
            "description" : "a customer-Customer_IDGetParameters to be returned",
            "schema" : {
              "$ref" : "#/definitions/customer-Customer_IDGetParameters"
            }
          }
        }
      }
    }
  },
  "definitions" : {
    "customer-Customer_IDGetParameters" : {
      "type" : "object",
      "required" : [ "Customer_ID" ],
      "properties" : {
        "Customer_ID" : {
          "type" : "string"
        }
      }
    }
  }
}